use MDPRJ

------------------drop table-------------------
DROP TABLE comment_like
DROP TABLE post_like
DROP TABLE hashtag
DROP TABLE follow
DROP TABLE nasmo
DROP TABLE comments
DROP TABLE tok_posts
DROP TABLE tok_users


------------------table create------------------
----users----
create table tok_users (
	user_id int primary key,
	user_name nvarchar(50) not null,
	user_password nvarchar(100) not null,
	user_nickname nvarchar(50) not null,
	user_icon nvarchar(600),
	introduction_message nvarchar(400),
	user_grade nvarchar(50) not null,
	following_count int not null,
	follower_count int not null,
	role_model nvarchar(50),
	handicap int
)

----posts----
create table tok_posts (
	post_id int primary key,
	user_id int FOREIGN KEY REFERENCES tok_users(user_id) ON DELETE CASCADE,
	post_content nvarchar(800),
	video_root nvarchar(600),
	upload_date datetime not null,
	like_count int not null,
	comment_count int not null,
	locations nvarchar(200),
	post_thumbnail nvarchar(600) not null,
	golf_club nvarchar(300)
)

----follow----
create table follow(
	follow_id int primary key,
	user_id int FOREIGN KEY REFERENCES tok_users(user_id),
	friend_id int not null
)

----comments----
create table comments(
	comment_id int primary key,
	post_id int FOREIGN KEY REFERENCES tok_posts(post_id),
	user_id int FOREIGN KEY REFERENCES tok_users(user_id),
	comment_text nvarchar(200),
	upload_date datetime not null,
	like_count int not null,
	comment_group nvarchar(10) not null,
	group_order nvarchar(10) not null,
	group_layer int not null
)

----nasmo----
create table nasmo(
	nasmo_id int primary key,
	user_id int FOREIGN KEY REFERENCES tok_users(user_id),
	video_root nvarchar(600) not null,
	nasmo_thumbnail nvarchar(600) not null
)

----hashtag----
create table hashtag(
	hashtag_id int primary key,
	post_id int FOREIGN KEY REFERENCES tok_posts(post_id),
	hashtag_content nvarchar(50)
)

----post_like----
create table post_like(
	post_like_id int primary key,
	post_id int FOREIGN KEY REFERENCES tok_posts(post_id) not null,
	user_id int FOREIGN KEY REFERENCES tok_users(user_id) not null
)

----comment_like----
create table comment_like(
	comment_like_id int primary key,
	comment_id int FOREIGN KEY REFERENCES comments(comment_id) not null,
	user_id int FOREIGN KEY REFERENCES tok_users(user_id) not null
)


---------------- data -----------------
----users data----
insert into tok_users values (1,'mul1234','mul1234','mul4321','https://firebasestorage.googleapis.com/v0/b/golftok-29f49.appspot.com/o/user_icon%2Fimage2.jpg?alt=media&token=1cf84666-7c3b-42e9-9050-1fee04eaf2c6','안녕하세요!','까치',25,40,'타이거 우즈',20)
insert into tok_users values (2,'hok333','hok333','오늘도골프','https://firebasestorage.googleapis.com/v0/b/golftok-29f49.appspot.com/o/user_icon%2Fimage3.jpg?alt=media&token=c63ed6ca-b4b4-4ee5-84f7-ac61b917a8e1','홉이입니다','참새',3,2,'박성현',25)
insert into tok_users values (3,'qaz1234','qaz1234','qaz1234','https://firebasestorage.googleapis.com/v0/b/golftok-29f49.appspot.com/o/user_icon%2Fimage4.jpg?alt=media&token=3128f63c-c852-4a99-a7ba-04aef0a2dd18','골프왕','매',8,10,'김시우',10)
insert into tok_users values (4,'qwer111','qwer111','qwer111','https://firebasestorage.googleapis.com/v0/b/golftok-29f49.appspot.com/o/user_icon%2Fimage5.jpg?alt=media&token=feb4afed-ead7-46f4-8753-dd2d5a321f22','','참새',33,10,'박성현',23)
insert into tok_users values (5,'qsxc000','qsxc000','골프찐천재','https://firebasestorage.googleapis.com/v0/b/golftok-29f49.appspot.com/o/user_icon%2Fimage6.jpg?alt=media&token=6f7d029a-8c1a-4849-8760-d697f3ef5ec2','같이 골프해요!','참새',3,0,'김시우',26)
insert into tok_users values (6,'popo333','popo333','골프왕','https://firebasestorage.googleapis.com/v0/b/golftok-29f49.appspot.com/o/user_icon%2Fimage7.jpg?alt=media&token=0c36198b-64a1-4933-8ed9-ed701adc7d62','골프 같이 칠 분 구합니다','매',3,7,'타이거 우즈',15)
insert into tok_users values (7,'progolf567','progolf567','프로골퍼','https://firebasestorage.googleapis.com/v0/b/golftok-29f49.appspot.com/o/user_icon%2Fimage8.jpg?alt=media&token=5e211670-712d-4517-b25f-c1e2e8ef0846','','독수리',42,56,'김시우',3)
insert into tok_users values (8,'gfdsa989','gfdsa989','골프존나이스샷','https://firebasestorage.googleapis.com/v0/b/golftok-29f49.appspot.com/o/user_icon%2Fimage9.jpg?alt=media&token=8f33d1e7-8c75-49d5-9131-b643991129c7','골프 잘치는 그 날 까지!','참새',1,2,'박성현',25)
insert into tok_users values (9,'hansu310','hansu310','한수','https://firebasestorage.googleapis.com/v0/b/golftok-29f49.appspot.com/o/user_icon%2Fimage10.jpg?alt=media&token=82a796be-de05-41a3-9c10-2be274285592','','참새',3,1,'김시우',24)
insert into tok_users values (10,'hany456','hany456','아응애에요','https://firebasestorage.googleapis.com/v0/b/golftok-29f49.appspot.com/o/user_icon%2Fimage11.jpg?alt=media&token=4d725b28-a948-494b-a932-9ad852045afc','잘 부탁드려요','학',13,6,'임성재',15)
insert into tok_users values (11,'flyfly99','flyfly99','flyfly99','https://firebasestorage.googleapis.com/v0/b/golftok-29f49.appspot.com/o/user_icon%2Fimage25.jpg?alt=media&token=82923318-8878-4987-afe8-730c08648af1','','매',4,6,'임성재',10)
insert into tok_users values (12,'apple123','apple123','골프병아리','https://firebasestorage.googleapis.com/v0/b/golftok-29f49.appspot.com/o/user_icon%2Fimage12.jpg?alt=media&token=778c04a7-0490-4909-8a07-c8ddaaaf4ae1','아직 골프 병아리 입니다ㅎㅎ','까치',5,3,'타이거 우즈',15)
insert into tok_users values (13,'banana454','banana454','골프독수리','https://firebasestorage.googleapis.com/v0/b/golftok-29f49.appspot.com/o/user_icon%2Fimage13.jpg?alt=media&token=c5800a00-cfd1-4956-8ca0-6eed6c2ca23d','골프친구 신청 많이 해주세요','독수리',2,3,'박성현',5)
insert into tok_users values (14,'grayjam383','grayjam383','gray_jam','https://firebasestorage.googleapis.com/v0/b/golftok-29f49.appspot.com/o/user_icon%2Fimage14.jpg?alt=media&token=8b8dc51a-2253-40e7-93cf-8cee994e0c30','','참새',3,2,'임성재',28)
insert into tok_users values (15,'hamberger5556','hamberger5556','햄버거','https://firebasestorage.googleapis.com/v0/b/golftok-29f49.appspot.com/o/user_icon%2Fimage15.jpg?alt=media&token=2cc41728-eaf2-4d4f-a1ef-769b1d8610c7','','참새',5,2,'박성현',24)
insert into tok_users values (16,'hhk455','hhk455','hhk455','https://firebasestorage.googleapis.com/v0/b/golftok-29f49.appspot.com/o/user_icon%2Fimage16.jpg?alt=media&token=82af733b-08bd-4f4f-86ea-a8e5637a5c8a','맞팔 받아용ㅎㅎ','참새',10,8,'타이거 우즈',22)
insert into tok_users values (17,'qwerqq8989','qwerqq8989','qwerqq8989','https://firebasestorage.googleapis.com/v0/b/golftok-29f49.appspot.com/o/user_icon%2Fimage17.jpg?alt=media&token=90fdac83-fe04-439b-8cba-670abaea6b9d','','참새',0,2,'타이거 우즈',20)
insert into tok_users values (18,'jeayoung123','jeayoung123','재영','https://firebasestorage.googleapis.com/v0/b/golftok-29f49.appspot.com/o/user_icon%2Fimage18.jpg?alt=media&token=eed70f1b-001a-4776-b76b-dc0d5acb65b4','','참새',28,33,'임성재',25)
insert into tok_users values (19,'folwer999','folwer999','팔로팔로미','https://firebasestorage.googleapis.com/v0/b/golftok-29f49.appspot.com/o/user_icon%2Fimage19.jpg?alt=media&token=29e70d89-1356-4740-a9b1-25de7bfd538d','','독수리',17,7,'김시우',6)
insert into tok_users values (20,'golf584','golf584','골프천재','https://firebasestorage.googleapis.com/v0/b/golftok-29f49.appspot.com/o/user_icon%2Fimage20.png?alt=media&token=4e26d1ab-0272-4bca-b87a-81c0cfc340a2','','학',3,9,'',12)
insert into tok_users values (21,'catttt1','catttt1','고양이집사','https://firebasestorage.googleapis.com/v0/b/golftok-29f49.appspot.com/o/user_icon%2Fimage21.jpg?alt=media&token=cff5463e-d0e4-43fc-9a40-b5d9c9d810d3','','참새',2,2,'임성재',19)
insert into tok_users values (22,'party333','party333','골프p','https://firebasestorage.googleapis.com/v0/b/golftok-29f49.appspot.com/o/user_icon%2Fimage22.jpg?alt=media&token=949ead3d-b39d-41ef-a318-4cf38534c573','골프 독수리까지~','까치',13,17,'김시우',15)
insert into tok_users values (23,'maybe232','maybe232','메이비베이비','https://firebasestorage.googleapis.com/v0/b/golftok-29f49.appspot.com/o/user_icon%2Fimage24.jpg?alt=media&token=22c49727-dece-45f3-8f9b-131667b75188','팔로우 많이 부탁해요~','참새',8,11,'김시우',20)
insert into tok_users values (24,'minz387','minz387','minz_387','https://firebasestorage.googleapis.com/v0/b/golftok-29f49.appspot.com/o/user_icon%2Fimage23.jpg?alt=media&token=30fafb52-a27a-4569-8eb6-0bd44899306e','골프 독수리까지~','참새',6,4,'타이거 우즈',25)
insert into tok_users values (25,'varzar000','varzar000','골프인','https://firebasestorage.googleapis.com/v0/b/golftok-29f49.appspot.com/o/user_icon%2Fimage28.jpg?alt=media&token=40b87865-fb90-4a1a-9c7b-c85e3c5e2503','골프를 사랑하는 사람','독수리',3,7,'박성현',3)
insert into tok_users values (26,'moon1221','moon1221','m_o_o_n','https://firebasestorage.googleapis.com/v0/b/golftok-29f49.appspot.com/o/user_icon%2Fimage29.jpg?alt=media&token=6758143a-4a25-4153-bc43-57828035c818','골프 독수리까지~','학',5,2,'타이거 우즈',9)
insert into tok_users values (27,'gogogolf','gogogolf00','gogogolf','https://firebasestorage.googleapis.com/v0/b/golftok-29f49.appspot.com/o/user_icon%2Fimage26.jpg?alt=media&token=8ec50b7f-ed8e-4747-a0ef-e935fdd361e4','','까치',0,3,'임성재',16)
insert into tok_users values (28,'dogcat367','dogcat367','흰둥이','https://firebasestorage.googleapis.com/v0/b/golftok-29f49.appspot.com/o/user_icon%2Fimage27.jpg?alt=media&token=c9a19774-8024-4b32-b7fd-81d7072bb632','','참새',11,7,'김시우',22)
insert into tok_users values (29,'sincer881','sincer881','sinser','https://firebasestorage.googleapis.com/v0/b/golftok-29f49.appspot.com/o/user_icon%2Fimage30.jpg?alt=media&token=1cf3f95f-b62c-4a04-8476-a9db77cd8ba7','','매',2,0,'타이거 우즈',9)
insert into tok_users values (30,'525angel','525angel','angel','https://firebasestorage.googleapis.com/v0/b/golftok-29f49.appspot.com/o/user_icon%2Fimage31.jpg?alt=media&token=f9a39c25-7895-4a6d-a4b4-181b0ab2f666','골프 잘 치고 싶어요!','까치',7,14,'박성현',15)

insert into tok_users values (31,'yellow384','yellow384','yelllow','https://firebasestorage.googleapis.com/v0/b/golftok-29f49.appspot.com/o/user_icon%2Fimage35.jpg?alt=media&token=3ee74720-8355-4a3c-9c23-1506bd6ea3a2','골프 잘 치고 싶어요!','까치',20,14,'박성현',20)
insert into tok_users values (32,'sunny1234','sunny1234','햇님','https://firebasestorage.googleapis.com/v0/b/golftok-29f49.appspot.com/o/user_icon%2Fimage36.jpg?alt=media&token=4abff4f3-81dd-44f1-9b7b-ef5405bf2e95','골프 잘 치고 싶어요!','참새',32,8,'박성현',27)
insert into tok_users values (33,'blue090','blue090','blue090','https://firebasestorage.googleapis.com/v0/b/golftok-29f49.appspot.com/o/user_icon%2Fimage37.jpg?alt=media&token=f4e45cf9-aafb-4dc7-9767-1ecbcfe0e624','골프 잘 치고 싶어요!','학',36,45,'타이거 우즈',18)
insert into tok_users values (34,'rabbit333','rabbit333','rabbit','https://firebasestorage.googleapis.com/v0/b/golftok-29f49.appspot.com/o/user_icon%2Fimage38.jpg?alt=media&token=1c546f67-1f07-46e7-b4ca-8cb01700e36e','골프 잘 치고 싶어요!','참새',4,9,'김시우',24)
insert into tok_users values (35,'carrot567','carrot567','당근당근','https://firebasestorage.googleapis.com/v0/b/golftok-29f49.appspot.com/o/user_icon%2Fimage40.jpg?alt=media&token=4413d4a3-5012-4a24-8d35-c602088e933e','골프 잘 치고 싶어요!','까치',52,22,'임성재',20)
insert into tok_users values (36,'starsss','starsss','ssstar','https://firebasestorage.googleapis.com/v0/b/golftok-29f49.appspot.com/o/user_icon%2Fimage39.jpg?alt=media&token=d6c8a812-62f7-4593-a2ed-0494d15f027b','골프 잘 치고 싶어요!','매',15,14,'박성현',13)
insert into tok_users values (37,'limit515','limit515','limit__','https://firebasestorage.googleapis.com/v0/b/golftok-29f49.appspot.com/o/user_icon%2Fimage41.jpg?alt=media&token=387d19e7-deab-4958-a1d9-8b8279dbc9a56','골프 잘 치고 싶어요!','참새',30,29,'타이거 우즈',30)
insert into tok_users values (38,'golfking','golfking','golf왕','https://firebasestorage.googleapis.com/v0/b/golftok-29f49.appspot.com/o/user_icon%2Fimage42.jpg?alt=media&token=bd4bd985-ee7a-4c12-86ec-0851506b194d','골프 잘 치고 싶어요!','학',25,42,'김시우',17)


----tok_posts data----
insert into tok_posts values(1,1,'','https://firebasestorage.googleapis.com/v0/b/golftok-29f49.appspot.com/o/sample_video%2FtestVideo1.mp4?alt=media&token=7e802ee5-88b7-475d-85d1-8bc7afafd840',DATEADD(dd,-10,getdate()),21,2,'','https://firebasestorage.googleapis.com/v0/b/golftok-29f49.appspot.com/o/video_thumbnail%2Fthumbnail1.JPG?alt=media&token=f7404741-4888-44d7-b3fc-9b735cb74839','')
insert into tok_posts values(2,1,'','https://firebasestorage.googleapis.com/v0/b/golftok-29f49.appspot.com/o/sample_video%2FtestVideo2.mp4?alt=media&token=636c149d-5aa2-4270-a9ea-4455b8dff3a8',DATEADD(dd,-10,getdate()),12,0,'','https://firebasestorage.googleapis.com/v0/b/golftok-29f49.appspot.com/o/video_thumbnail%2Fthumbnail2.JPG?alt=media&token=07a4a97e-ecfa-40b2-bc4c-cfe5eb81a652','')
insert into tok_posts values(3,2,'폼 잡는거 힘들다','https://firebasestorage.googleapis.com/v0/b/golftok-29f49.appspot.com/o/sample_video%2FtestVideo3.mp4?alt=media&token=81aa829b-e33f-4f8c-b409-898c1451cb57',DATEADD(dd,-8,getdate()),4,1,'서울특별시 강남구 논현로 833 재경빌딩','https://firebasestorage.googleapis.com/v0/b/golftok-29f49.appspot.com/o/video_thumbnail%2Fthumbnail3.JPG?alt=media&token=8edd989d-8021-46be-9c2d-06bff5b6f3c5','#테일러메이드 #SIM_MAX #9아이언 #남성용 #오른손용')
insert into tok_posts values(4,4,'심심하당','https://firebasestorage.googleapis.com/v0/b/golftok-29f49.appspot.com/o/sample_video%2FtestVideo4.mp4?alt=media&token=e3f9581b-7b87-4b4a-9633-91520a86fa96',DATEADD(dd,-8,getdate()),6,0,'서울특별시 서대문구 서소문로 37 충정로대우디오빌','https://firebasestorage.googleapis.com/v0/b/golftok-29f49.appspot.com/o/video_thumbnail%2Fthumbnail4.JPG?alt=media&token=d5d815a8-7330-4431-9d81-8aaee92c2a07','#혼마 #베레스_2스타 #남성용 #오른손용')
insert into tok_posts values(5,5,'#시원한한방 #골프 #나이스샷','https://firebasestorage.googleapis.com/v0/b/golftok-29f49.appspot.com/o/sample_video%2FtestVideo5.mp4?alt=media&token=0deb2132-760f-4fb1-8d2b-d0505af43cbf',DATEADD(dd,-8,getdate()),3,0,'서울특별시 중랑구 용마산로129나길 6 4층','https://firebasestorage.googleapis.com/v0/b/golftok-29f49.appspot.com/o/video_thumbnail%2Fthumbnail5.JPG?alt=media&token=2ca149c3-5d90-40c1-aa27-c3b81dfc4320','#혼마 #남성용 #S-06')
insert into tok_posts values(6,6,'덥다 더워 #오늘날씨왜이래','https://firebasestorage.googleapis.com/v0/b/golftok-29f49.appspot.com/o/sample_video%2FtestVideo7.mp4?alt=media&token=8680bf05-eb81-4b81-8af3-6efb1f11b4c4',DATEADD(dd,-7,getdate()),14,1,'','https://firebasestorage.googleapis.com/v0/b/golftok-29f49.appspot.com/o/video_thumbnail%2Fthumbnail6.JPG?alt=media&token=58155043-fdbb-4cc4-87e9-9638397d567b','')
insert into tok_posts values(7,5,'오늘은 골프 잘 쳐지는 날','https://firebasestorage.googleapis.com/v0/b/golftok-29f49.appspot.com/o/sample_video%2FtestVideo8.mp4?alt=media&token=5fff0fc8-00e1-4d3e-800c-807daa62af4e',DATEADD(dd,-7,getdate()),22,6,'서울특별시 관악구 관악로15길 23-11 관악맥스텔 B1','https://firebasestorage.googleapis.com/v0/b/golftok-29f49.appspot.com/o/video_thumbnail%2Fthumbnail7.JPG?alt=media&token=aaeeed41-2255-467c-9a30-9c7267f3d2d6','#미즈노 #GX-F #여성용 #오른손용')
insert into tok_posts values(8,8,'다음 목표를 향해!!','https://firebasestorage.googleapis.com/v0/b/golftok-29f49.appspot.com/o/sample_video%2FtestVideo9.mp4?alt=media&token=51bc1e0e-1171-4fe9-828a-6d7e95643602',DATEADD(dd,-6,getdate()),28,2,'','https://firebasestorage.googleapis.com/v0/b/golftok-29f49.appspot.com/o/video_thumbnail%2Fthumbnail8.JPG?alt=media&token=a445a15b-8190-4ee0-8916-f2400c044073','#미즈노 #JPX_S10 #여성용')
insert into tok_posts values(9,8,'원래 #스크린골프장 갈 계획 없었는데 친구 따라 감ㅋㅋ #자세불안정 #아직초보','https://firebasestorage.googleapis.com/v0/b/golftok-29f49.appspot.com/o/sample_video%2FtestVideo11.mp4?alt=media&token=dbef66c8-21d9-4c7a-8d83-9cebd8e20a88',DATEADD(dd,-6,getdate()),42,0,'서울특별시 중랑구 용마산로129나길 6 4층','https://firebasestorage.googleapis.com/v0/b/golftok-29f49.appspot.com/o/video_thumbnail%2Fthumbnail9.JPG?alt=media&token=0441516d-27d4-4b4a-958c-2f1e25db9b9d','#미즈노 #GX-F')
insert into tok_posts values(10,8,'fire','https://firebasestorage.googleapis.com/v0/b/golftok-29f49.appspot.com/o/sample_video%2FtestVideo12.mp4?alt=media&token=d31fae88-c636-479a-8cbc-f0c3f2fb8b5e',DATEADD(dd,-6,getdate()),39,3,'','https://firebasestorage.googleapis.com/v0/b/golftok-29f49.appspot.com/o/video_thumbnail%2Fthumbnail10.JPG?alt=media&token=0272314d-0cc6-4a1f-a95f-2f20064108e1','')
insert into tok_posts values(11,3,'#선팔 #맞팔 #좋아요 #골프장','https://firebasestorage.googleapis.com/v0/b/golftok-29f49.appspot.com/o/sample_video%2FtestVideo13.mp4?alt=media&token=cb2ec5f6-9119-4171-be01-fe5529b80a9c',DATEADD(dd,-6,getdate()),20,0,'서울특별시 영등포구 의사당대로 127 롯데캐슬엠파이어','https://firebasestorage.googleapis.com/v0/b/golftok-29f49.appspot.com/o/video_thumbnail%2Fthumbnail11.JPG?alt=media&token=9be497db-e2a0-42b1-aba0-24012e16ca52','')
insert into tok_posts values(12,4,'','https://firebasestorage.googleapis.com/v0/b/golftok-29f49.appspot.com/o/sample_video%2FtestVideo14.mp4?alt=media&token=14e45cc3-42a2-4ef0-aa46-c33d9d1f09ff',DATEADD(dd,-5,getdate()),13,1,'서울특별시 서대문구 충정로 36 국민연금빌딩','https://firebasestorage.googleapis.com/v0/b/golftok-29f49.appspot.com/o/video_thumbnail%2Fthumbnail12.JPG?alt=media&token=c393a39e-5dfb-4cf3-8b2d-b4500a20b6fc','')
insert into tok_posts values(13,9,'심심해ㅡㅡ','https://firebasestorage.googleapis.com/v0/b/golftok-29f49.appspot.com/o/sample_video%2FtestVideo15.mp4?alt=media&token=1adedcc4-b027-49a3-8206-dd909cf36172',DATEADD(dd,-5,getdate()),11,3,'서울특별시 은평구 서오릉로 94 삼성타운아파트상가 지하1층','https://firebasestorage.googleapis.com/v0/b/golftok-29f49.appspot.com/o/video_thumbnail%2Fthumbnail13.JPG?alt=media&token=969168c6-224f-45d5-87e4-15c46493ba4a','')
insert into tok_posts values(14,2,'아직 멀었다ㅜㅜㅜ #프로골퍼 가 되는 그 날까지!!!','https://firebasestorage.googleapis.com/v0/b/golftok-29f49.appspot.com/o/sample_video%2FtestVideo16.mp4?alt=media&token=65d67d36-a452-43d1-9b45-5824b77645f8',DATEADD(dd,-5,getdate()),1,0,'서울특별시 강남구 도산대로81길 28','https://firebasestorage.googleapis.com/v0/b/golftok-29f49.appspot.com/o/video_thumbnail%2Fthumbnail14.JPG?alt=media&token=db595da3-2ff2-4bef-9fa5-5ed5203b0a2e','#핑 #G_LE2 #오른손용')
insert into tok_posts values(15,2,'자세 왜이러냐 ㅋㅋㅋㅋ','https://firebasestorage.googleapis.com/v0/b/golftok-29f49.appspot.com/o/sample_video%2FtestVideo17.mp4?alt=media&token=e365f36a-f05b-4f86-8bd9-c23039fc7797',DATEADD(dd,-5,getdate()),7,3,'서울특별시 노원구 덕릉로 688 5층','https://firebasestorage.googleapis.com/v0/b/golftok-29f49.appspot.com/o/video_thumbnail%2Fthumbnail15.JPG?alt=media&token=cfed2105-0b76-425c-ab67-1874b7c3716f','#핑 #G425 #10.5도 #경량스틸 #8아이언')
insert into tok_posts values(16,10,'','https://firebasestorage.googleapis.com/v0/b/golftok-29f49.appspot.com/o/sample_video%2FtestVideo18.mp4?alt=media&token=21dad949-244a-4987-8581-e6581aa6a4e2',DATEADD(dd,-4,getdate()),2,0,'서울특별시 서대문구 홍은중앙로 29','https://firebasestorage.googleapis.com/v0/b/golftok-29f49.appspot.com/o/video_thumbnail%2Fthumbnail16.JPG?alt=media&token=3d891aa4-c60f-4742-af0f-c6e820a1ba32','#핑 #여성용 #12도')
insert into tok_posts values(17,3,'#골린이 1달차 #골프','https://firebasestorage.googleapis.com/v0/b/golftok-29f49.appspot.com/o/sample_video%2FtestVideo20.mp4?alt=media&token=dc8dad6c-007b-461a-90eb-79a99dfb649e',DATEADD(dd,-4,getdate()),0,0,'','https://firebasestorage.googleapis.com/v0/b/golftok-29f49.appspot.com/o/video_thumbnail%2Fthumbnail17.JPG?alt=media&token=40382f64-bb64-40b2-9fa7-b87e143b97e2','#테일러메이드 #왼손용 #10.5도')
insert into tok_posts values(18,2,'자세 어정쩡..','https://firebasestorage.googleapis.com/v0/b/golftok-29f49.appspot.com/o/sample_video%2FtestVideo21.mp4?alt=media&token=a12a8a6a-723e-4c86-a9d3-af7bd322e4c8',DATEADD(dd,-4,getdate()),33,7,'서울특별시 은평구 증산로 315 1층','https://firebasestorage.googleapis.com/v0/b/golftok-29f49.appspot.com/o/video_thumbnail%2Fthumbnail18.JPG?alt=media&token=80c7b2ac-71c7-4e57-85c0-2c48d33974c1','#테일러메이드 #경량스틸 #M2_HL')
insert into tok_posts values(19,6,'너무 더웠음ㅋㅋㅋ','https://firebasestorage.googleapis.com/v0/b/golftok-29f49.appspot.com/o/sample_video%2FtestVideo22.mp4?alt=media&token=339c41c4-d6bc-41cd-9c9e-76ed5262111c',DATEADD(dd,-4,getdate()),13,2,'서울특별시 중랑구 용마산로129나길 6','https://firebasestorage.googleapis.com/v0/b/golftok-29f49.appspot.com/o/video_thumbnail%2Fthumbnail19.JPG?alt=media&token=1ff0da42-f875-43e0-acf7-c92062f713ec','#젝시오11 #남성용 #오른손용')
insert into tok_posts values(20,3,'점점 #실력 이 늘어가는게 보여서 뿌듯하다ㅎㅎ','https://firebasestorage.googleapis.com/v0/b/golftok-29f49.appspot.com/o/sample_video%2FtestVideo23.mp4?alt=media&token=622670f6-ca84-403e-a39b-b9ce83956da8',DATEADD(dd,-4,getdate()),8,0,'서울특별시 노원구 동일로 986 노원프레미어스엠코','https://firebasestorage.googleapis.com/v0/b/golftok-29f49.appspot.com/o/video_thumbnail%2Fthumbnail20.JPG?alt=media&token=5d58248f-9bc4-4557-b0ae-3e5db40ebb4e','#핑 #G425 #10.5도 #경량스틸 #8아이언')
insert into tok_posts values(21,8,'오랜만에 주말에 골프장~','https://firebasestorage.googleapis.com/v0/b/golftok-29f49.appspot.com/o/sample_video%2FtestVideo24.mp4?alt=media&token=db2033e1-0e44-4926-8f9f-6a831f527359',DATEADD(dd,-3,getdate()),17,1,'서울특별시 은평구 서오릉로 94 삼성타운아파트상가 지하1층','https://firebasestorage.googleapis.com/v0/b/golftok-29f49.appspot.com/o/video_thumbnail%2Fthumbnail21.JPG?alt=media&token=5b399576-6150-4ffc-be44-d3f5a30700b7','#미즈노 #GX-F #여성용 #오른손용')
insert into tok_posts values(22,3,'시원한 한방~','https://firebasestorage.googleapis.com/v0/b/golftok-29f49.appspot.com/o/sample_video%2FtestVideo25.mp4?alt=media&token=d52b9099-603c-4c3e-b6bc-854594d4994c',DATEADD(dd,-3,getdate()),12,2,'서울특별시 영등포구 의사당대로 127 롯데캐슬엠파이어','https://firebasestorage.googleapis.com/v0/b/golftok-29f49.appspot.com/o/video_thumbnail%2Fthumbnail22.JPG?alt=media&token=e6863d0a-a8de-43a1-a70d-58a4be6454ba','#젝시오 #프라임 #로얄에디션 #10.5도')
insert into tok_posts values(23,4,'눈 좋아하는 #댕댕이','https://firebasestorage.googleapis.com/v0/b/golftok-29f49.appspot.com/o/sample_video%2FtestVideo26.mp4?alt=media&token=37d68704-7788-40d5-8f16-112959c41c88',DATEADD(dd,-3,getdate()),18,5,'','https://firebasestorage.googleapis.com/v0/b/golftok-29f49.appspot.com/o/video_thumbnail%2Fthumbnail23.JPG?alt=media&token=3d036dfe-58be-4cb9-8996-9cc232750461','')
insert into tok_posts values(24,4,'#멍스타그램 #강아지 #댕댕이 #졸귀','https://firebasestorage.googleapis.com/v0/b/golftok-29f49.appspot.com/o/sample_video%2FtestVideo27.mp4?alt=media&token=cc6a5163-f87f-49ca-a14e-12894fce9a48',DATEADD(dd,-3,getdate()),55,0,'서울특별시 노원구 동일로234길 27','https://firebasestorage.googleapis.com/v0/b/golftok-29f49.appspot.com/o/video_thumbnail%2Fthumbnail24.JPG?alt=media&token=e4097f35-8cc1-4b6d-b35b-6e814db19281','')
insert into tok_posts values(25,9,'#멍스타그램','https://firebasestorage.googleapis.com/v0/b/golftok-29f49.appspot.com/o/sample_video%2FtestVideo28.mp4?alt=media&token=ce40953c-df98-4b6f-9510-1d8da32786b7',DATEADD(dd,-3,getdate()),25,1,'서울특별시 노원구 섬밭로 258 건영옴니백화점','https://firebasestorage.googleapis.com/v0/b/golftok-29f49.appspot.com/o/video_thumbnail%2Fthumbnail25.JPG?alt=media&token=15fc2919-c7fd-467f-8a0b-401f74439d96','')
insert into tok_posts values(26,14,'졸려요','https://firebasestorage.googleapis.com/v0/b/golftok-29f49.appspot.com/o/sample_video%2FtestVideo29.mp4?alt=media&token=8c594b3d-6bd1-4a26-8b5f-662dcc93b718',DATEADD(dd,-2,getdate()),30,0,'서울특별시 노원구 마들로 31 그랑빌아파트','https://firebasestorage.googleapis.com/v0/b/golftok-29f49.appspot.com/o/video_thumbnail%2Fthumbnail26.JPG?alt=media&token=fa3ca0bd-ff90-4c47-ae21-e6189e037aa9','')
insert into tok_posts values(27,13,'','https://firebasestorage.googleapis.com/v0/b/golftok-29f49.appspot.com/o/sample_video%2FtestVideo30.mp4?alt=media&token=23bee688-66f3-4514-b3ea-113b668c2776',DATEADD(dd,-2,getdate()),3,0,'서울특별시 강남구 남부순환로370길 33','https://firebasestorage.googleapis.com/v0/b/golftok-29f49.appspot.com/o/video_thumbnail%2Fthumbnail27.JPG?alt=media&token=bb92ac90-aeb5-4058-ab9a-2f51591d8df9','')
insert into tok_posts values(28,10,'','https://firebasestorage.googleapis.com/v0/b/golftok-29f49.appspot.com/o/sample_video%2FtestVideo31.mp4?alt=media&token=c1b86b1f-2d85-45a8-a079-211f57cf4eaf',DATEADD(dd,-2,getdate()),17,1,'','https://firebasestorage.googleapis.com/v0/b/golftok-29f49.appspot.com/o/video_thumbnail%2Fthumbnail28.JPG?alt=media&token=98a9cde8-3d8f-44db-824f-12e41776fb3e','')
insert into tok_posts values(29,7,'#선팔 #맞팔','https://firebasestorage.googleapis.com/v0/b/golftok-29f49.appspot.com/o/sample_video%2FtestVideo32.mp4?alt=media&token=d0e3df54-3646-4521-b25e-c837c28602a2',DATEADD(dd,-2,getdate()),8,2,'','https://firebasestorage.googleapis.com/v0/b/golftok-29f49.appspot.com/o/video_thumbnail%2Fthumbnail29.JPG?alt=media&token=af8d399f-5f18-49fe-afa5-aedefddbb056','#캘러웨이 #여성용 #매버릭맥스라이트')
insert into tok_posts values(30,7,'오랜만에 쳐서 잘 안되는 느낌^^','https://firebasestorage.googleapis.com/v0/b/golftok-29f49.appspot.com/o/sample_video%2FtestVideo33.mp4?alt=media&token=9b37468f-17d9-4ba2-87fc-64b4c9d2ed67',DATEADD(dd,-2,getdate()),8,0,'서울특별시 강남구 영동대로106길 17 경진빌딩','https://firebasestorage.googleapis.com/v0/b/golftok-29f49.appspot.com/o/video_thumbnail%2Fthumbnail30.JPG?alt=media&token=bc159c2f-022d-4423-b907-a0a6c5f19d2f','#캘러웨이 #여성용 #에픽맥스')
insert into tok_posts values(31,17,'나이스샷 #좋아요','https://firebasestorage.googleapis.com/v0/b/golftok-29f49.appspot.com/o/sample_video%2FtestVideo34.mp4?alt=media&token=5d837b66-8148-4ae7-9ff8-94fb6064c6b4',DATEADD(dd,-2,getdate()),1,0,'서울 송파구 올림픽로 25 서울종합운동장','https://firebasestorage.googleapis.com/v0/b/golftok-29f49.appspot.com/o/video_thumbnail%2Fthumbnail31.JPG?alt=media&token=7c6216a4-f499-43f3-a348-68b01dd83391','#브리지스톤 #V300 #경량스틸 #9아이언')
insert into tok_posts values(32,22,'','https://firebasestorage.googleapis.com/v0/b/golftok-29f49.appspot.com/o/sample_video%2FtestVideo35.mp4?alt=media&token=9b6daa11-bfeb-4287-854c-67bea1d6ff69',DATEADD(dd,-1,getdate()),42,0,'서울특별시 강남구 영동대로106길 17 경진빌딩 지하 1층','https://firebasestorage.googleapis.com/v0/b/golftok-29f49.appspot.com/o/video_thumbnail%2Fthumbnail32.JPG?alt=media&token=251ea696-46e5-4abb-8c2a-ba26ebca5176','#브리지스톤 #V300 #7아이언 #남성용')
insert into tok_posts values(33,23,'드디어 #골린이탈출 이제 나도 #골어른','https://firebasestorage.googleapis.com/v0/b/golftok-29f49.appspot.com/o/sample_video%2FtestVideo36.mp4?alt=media&token=43924a5f-a1a6-4907-8f41-cc7032cebfd4',DATEADD(dd,-1,getdate()),41,2,'서울 서초구 강남대로2길 92 성지빌딩','https://firebasestorage.googleapis.com/v0/b/golftok-29f49.appspot.com/o/video_thumbnail%2Fthumbnail33.JPG?alt=media&token=6e4ec90d-9309-4f47-bd38-5140d21eb587','')
insert into tok_posts values(34,25,'노력하면 더 늘겠지..?','https://firebasestorage.googleapis.com/v0/b/golftok-29f49.appspot.com/o/sample_video%2FtestVideo37.mp4?alt=media&token=54429bf8-e7ec-46d1-8b5e-9cf889c55d9e',DATEADD(dd,-1,getdate()),58,1,'서울특별시 강남구 영동대로106길 17 경진빌딩 지하 1층','https://firebasestorage.googleapis.com/v0/b/golftok-29f49.appspot.com/o/video_thumbnail%2Fthumbnail34.JPG?alt=media&token=87761d5d-d684-46bb-a2aa-64e5a6369875','#브리지스톤 #TOUR_B #7아이언')
insert into tok_posts values(35,25,'새로운 #골프채 자랑ㅋㅋ 이거 완전 #추천 #필수템','https://firebasestorage.googleapis.com/v0/b/golftok-29f49.appspot.com/o/sample_video%2FtestVideo38.mp4?alt=media&token=e129344f-b1d6-4b98-9606-f6c8a322cbcb',DATEADD(dd,-1,getdate()),14,0,'경기 하남시 감이로 317','https://firebasestorage.googleapis.com/v0/b/golftok-29f49.appspot.com/o/video_thumbnail%2Fthumbnail35.JPG?alt=media&token=b3f2bc27-382d-412c-8b63-32b83300e34a','#혼마 #3스타뉴베레스')
insert into tok_posts values(36,25,'','https://firebasestorage.googleapis.com/v0/b/golftok-29f49.appspot.com/o/sample_video%2FtestVideo39.mp4?alt=media&token=2300e42a-2426-48f6-b717-1548b6cb96a5',GETDATE(),15,0,'','https://firebasestorage.googleapis.com/v0/b/golftok-29f49.appspot.com/o/video_thumbnail%2Fthumbnail36.JPG?alt=media&token=3bc18198-588c-437f-8298-987d500fda06','')
insert into tok_posts values(37,26,'','https://firebasestorage.googleapis.com/v0/b/golftok-29f49.appspot.com/o/sample_video%2FtestVideo40.mp4?alt=media&token=cec2f160-8094-45c6-8fd9-0869adfaf756',GETDATE(),19,1,'서울특별시 강남구 영동대로 737 호텔리베라','https://firebasestorage.googleapis.com/v0/b/golftok-29f49.appspot.com/o/video_thumbnail%2Fthumbnail37.JPG?alt=media&token=678cafbd-3b28-4fe2-b1e3-ecb2b1a86028','')
insert into tok_posts values(38,26,'#길거리버스킹 #버스킹 많이보러오세요^^','https://firebasestorage.googleapis.com/v0/b/golftok-29f49.appspot.com/o/sample_video%2FtestVideo41.mp4?alt=media&token=3e22c648-ad57-49e8-929c-c78a6bff5b21',GETDATE(),21,0,'서울특별시 광진구 자양로5길 33 와이엠프라젠스파','https://firebasestorage.googleapis.com/v0/b/golftok-29f49.appspot.com/o/video_thumbnail%2Fthumbnail38.JPG?alt=media&token=216d40fc-8a24-40e8-af8e-e1382a1947fb','')
insert into tok_posts values(39,28,'오랜만에 악기 연주','https://firebasestorage.googleapis.com/v0/b/golftok-29f49.appspot.com/o/sample_video%2FtestVideo42.mp4?alt=media&token=45b64d4d-d474-43ba-81e2-fced8cbd4b5c',GETDATE(),27,0,'서울특별시 광진구 뚝섬로35길 9','https://firebasestorage.googleapis.com/v0/b/golftok-29f49.appspot.com/o/video_thumbnail%2Fthumbnail39.JPG?alt=media&token=b8701ca7-2dd4-4698-a595-1639f9258a1b','')
insert into tok_posts values(40,29,'#드럼 연주','https://firebasestorage.googleapis.com/v0/b/golftok-29f49.appspot.com/o/sample_video%2FtestVideo43.mp4?alt=media&token=c9643439-c48e-4e06-b08c-22dce79a1492',GETDATE(),38,4,'서울특별시 성동구 광나루로 320-2','https://firebasestorage.googleapis.com/v0/b/golftok-29f49.appspot.com/o/video_thumbnail%2Fthumbnail40.JPG?alt=media&token=84c056f1-a2a8-4ec7-80d1-3aeebbf6f6ed','')
insert into tok_posts values(41,1,'#스크린골프장 #골프연습 #골스타그램','https://firebasestorage.googleapis.com/v0/b/golftok-29f49.appspot.com/o/sample_video%2FtestVideo47.mp4?alt=media&token=7cf6bb90-36db-4b42-bdea-f2217f45a83a',GETDATE(),20,0,'','https://firebasestorage.googleapis.com/v0/b/golftok-29f49.appspot.com/o/video_thumbnail%2Fthumbnail43.JPG?alt=media&token=2a80a107-5cbe-4dfa-8a96-dda6af710041','#핑 #드라이버 #G425')
insert into tok_posts values(42,3,'#골스타그램 #오늘도연습 #골린이','https://firebasestorage.googleapis.com/v0/b/golftok-29f49.appspot.com/o/sample_video%2FtestVideo48.mp4?alt=media&token=43d61c16-0fff-4423-8e9e-141ad9dea195',GETDATE(),33,2,'서울특별시 광진구 능동로 49','https://firebasestorage.googleapis.com/v0/b/golftok-29f49.appspot.com/o/video_thumbnail%2Fthumbnail44.JPG?alt=media&token=e47e156f-cad1-46e2-9b71-5cc2eff2ce4a','#브리지스톤 #남성용')
insert into tok_posts values(43,4,'어우 덥다ㅋㅋㅋ','https://firebasestorage.googleapis.com/v0/b/golftok-29f49.appspot.com/o/sample_video%2FtestVideo49.mp4?alt=media&token=8f979ff5-d087-4eca-9764-651af699607c',GETDATE(),44,2,'서울특별시 마포구 독막로 331 마스터즈타워빌딩','https://firebasestorage.googleapis.com/v0/b/golftok-29f49.appspot.com/o/video_thumbnail%2Fthumbnail45.JPG?alt=media&token=11398fcd-2232-483a-aaba-c7ac5a9a8d75','')
insert into tok_posts values(44,9,'오늘 좀 잘쳐지는 것 같다ㅎㅎㅎ','https://firebasestorage.googleapis.com/v0/b/golftok-29f49.appspot.com/o/sample_video%2FtestVideo50.mp4?alt=media&token=5c24c5cb-7c8f-4692-8450-902370c1ceb3',GETDATE(),63,4,'','https://firebasestorage.googleapis.com/v0/b/golftok-29f49.appspot.com/o/video_thumbnail%2Fthumbnail46.JPG?alt=media&token=04659563-af7a-45ce-b988-19dd5cbdd588','#캘러웨이 #매버릭 #커스텀_드라이버')
insert into tok_posts values(45,9,'새로산 #골프클럽 자랑ㅎㅎㅎ 비싼값 하는듯','https://firebasestorage.googleapis.com/v0/b/golftok-29f49.appspot.com/o/sample_video%2FtestVideo63.mp4?alt=media&token=8725d08e-e47c-4736-8b43-6880d976adbc',GETDATE(),38,4,'서울특별시 마포구 양화로 183','https://firebasestorage.googleapis.com/v0/b/golftok-29f49.appspot.com/o/video_thumbnail%2Fthumbnail51.JPG?alt=media&token=7852e5ec-c735-4ad4-ba24-3df33bd86748','#타이틀리스트 #TSi1 #여성용')
insert into tok_posts values(46,14,'#신상 #골프클럽 #골스타그램','https://firebasestorage.googleapis.com/v0/b/golftok-29f49.appspot.com/o/sample_video%2FtestVideo58.mp4?alt=media&token=5f6aa58b-eb3e-4a3f-bed7-b14f4b95e232',GETDATE(),21,0,'서울특별시 마포구 매봉산로 80 파크엠 2층 GDR아카데미 마포 상암점','https://firebasestorage.googleapis.com/v0/b/golftok-29f49.appspot.com/o/video_thumbnail%2Fthumbnail52.JPG?alt=media&token=2b034a2b-7c98-4403-b398-84f93511b946','#혼마 #베레스 #키와미4 #2스타 #7아이언 ')
insert into tok_posts values(47,15,'오늘도 열심히!!!','https://firebasestorage.googleapis.com/v0/b/golftok-29f49.appspot.com/o/sample_video%2FtestVideo51.mp4?alt=media&token=760c6b6b-ec4e-47ca-b1f7-bcfd3af77a54',GETDATE(),56,5,'','https://firebasestorage.googleapis.com/v0/b/golftok-29f49.appspot.com/o/video_thumbnail%2Fthumbnail47.JPG?alt=media&token=672aea78-50ca-4384-b51f-40e8b12f4c52','')
insert into tok_posts values(48,21,'날은 넘 좋은데~~~ 공은 말을 안듣고~~','https://firebasestorage.googleapis.com/v0/b/golftok-29f49.appspot.com/o/sample_video%2FtestVideo52.mp4?alt=media&token=e796cbe7-2f28-4882-a09f-680b0f1da428',GETDATE(),7,0,'서울특별시 마포구 대흥로4길 55','https://firebasestorage.googleapis.com/v0/b/golftok-29f49.appspot.com/o/video_thumbnail%2Fthumbnail48.JPG?alt=media&token=46ce252b-484c-482d-a5b6-1ffac25dbcce','')
insert into tok_posts values(49,21,'어깨 회전 방향과 다운스윙때 공전달 하는 느낌 교정 #스윙교정','https://firebasestorage.googleapis.com/v0/b/golftok-29f49.appspot.com/o/sample_video%2FtestVideo53.mp4?alt=media&token=ddd3622c-ca87-44db-8f60-8cfe6b9869e2',GETDATE(),47,3,'서울특별시 강남구 선릉로 803','https://firebasestorage.googleapis.com/v0/b/golftok-29f49.appspot.com/o/video_thumbnail%2Fthumbnail49.JPG?alt=media&token=2707f786-8d3a-4cd0-b259-c97549f5de16','#미즈노 #경량스틸 #8아이언')
insert into tok_posts values(50,30,'매번 아쉽지만 다음 수업땐 더 향상되어있길 바라며 화이팅!!! #스크린골프장 #스윙교정','https://firebasestorage.googleapis.com/v0/b/golftok-29f49.appspot.com/o/sample_video%2FtestVideo54.mp4?alt=media&token=875464ec-b364-407f-a323-792e368d3289',GETDATE(),34,6,'서울특별시 강남구 압구정로2길 15','https://firebasestorage.googleapis.com/v0/b/golftok-29f49.appspot.com/o/video_thumbnail%2Fthumbnail50.JPG?alt=media&token=5fccc2b4-d2f4-443a-ae6a-a248ca23dbf7','#야마하 #8아이언')


----golf_friends data----
insert into follow values(1,1,3)
insert into follow values(2,1,6)
insert into follow values(3,2,6)
insert into follow values(4,3,8)
insert into follow values(5,3,1)
insert into follow values(6,3,7)
insert into follow values(7,3,9)
insert into follow values(8,6,1)
insert into follow values(9,6,2)
insert into follow values(10,7,3)
insert into follow values(11,8,3)
insert into follow values(12,8,11)
insert into follow values(13,9,3)
insert into follow values(14,9,15)
insert into follow values(15,9,11)
insert into follow values(16,11,8)
insert into follow values(17,11,9)
insert into follow values(18,11,13)
insert into follow values(19,11,15)
insert into follow values(20,13,11)
insert into follow values(21,15,9)
insert into follow values(22,15,1)
insert into follow values(23,16,1)
insert into follow values(24,15,14)
insert into follow values(25,1,14)
insert into follow values(26,17,3)
insert into follow values(27,17,5)
insert into follow values(28,17,9)
insert into follow values(29,18,11)
insert into follow values(30,18,19)
insert into follow values(31,19,18)
insert into follow values(32,19,1)
insert into follow values(33,19,7)
insert into follow values(34,19,17)
insert into follow values(35,20,2)
insert into follow values(36,20,21)
insert into follow values(37,22,3)
insert into follow values(38,2,13)
insert into follow values(39,2,17)
insert into follow values(40,1,19)
insert into follow values(41,1,22)
insert into follow values(42,23,3)
insert into follow values(43,23,4)
insert into follow values(44,24,7)
insert into follow values(45,24,28)
insert into follow values(46,26,12)
insert into follow values(47,26,10)
insert into follow values(48,26,19)
insert into follow values(49,28,1)
insert into follow values(50,29,21)

----nasmo data-----
insert into nasmo values(1,2,'https://firebasestorage.googleapis.com/v0/b/golftok-29f49.appspot.com/o/sample_video%2FtestVideo3.mp4?alt=media&token=81aa829b-e33f-4f8c-b409-898c1451cb57','https://firebasestorage.googleapis.com/v0/b/golftok-29f49.appspot.com/o/video_thumbnail%2Fthumbnail3.JPG?alt=media&token=8edd989d-8021-46be-9c2d-06bff5b6f3c5')
insert into nasmo values(2,5,'https://firebasestorage.googleapis.com/v0/b/golftok-29f49.appspot.com/o/sample_video%2FtestVideo5.mp4?alt=media&token=0deb2132-760f-4fb1-8d2b-d0505af43cbf','https://firebasestorage.googleapis.com/v0/b/golftok-29f49.appspot.com/o/video_thumbnail%2Fthumbnail5.JPG?alt=media&token=2ca149c3-5d90-40c1-aa27-c3b81dfc4320')
insert into nasmo values(3,6,'https://firebasestorage.googleapis.com/v0/b/golftok-29f49.appspot.com/o/sample_video%2FtestVideo7.mp4?alt=media&token=8680bf05-eb81-4b81-8af3-6efb1f11b4c4','https://firebasestorage.googleapis.com/v0/b/golftok-29f49.appspot.com/o/video_thumbnail%2Fthumbnail6.JPG?alt=media&token=58155043-fdbb-4cc4-87e9-9638397d567b')
insert into nasmo values(4,5,'https://firebasestorage.googleapis.com/v0/b/golftok-29f49.appspot.com/o/sample_video%2FtestVideo8.mp4?alt=media&token=5fff0fc8-00e1-4d3e-800c-807daa62af4e','https://firebasestorage.googleapis.com/v0/b/golftok-29f49.appspot.com/o/video_thumbnail%2Fthumbnail7.JPG?alt=media&token=aaeeed41-2255-467c-9a30-9c7267f3d2d6')
insert into nasmo values(5,8,'https://firebasestorage.googleapis.com/v0/b/golftok-29f49.appspot.com/o/sample_video%2FtestVideo9.mp4?alt=media&token=51bc1e0e-1171-4fe9-828a-6d7e95643602','https://firebasestorage.googleapis.com/v0/b/golftok-29f49.appspot.com/o/video_thumbnail%2Fthumbnail8.JPG?alt=media&token=a445a15b-8190-4ee0-8916-f2400c044073')
insert into nasmo values(6,8,'https://firebasestorage.googleapis.com/v0/b/golftok-29f49.appspot.com/o/sample_video%2FtestVideo11.mp4?alt=media&token=dbef66c8-21d9-4c7a-8d83-9cebd8e20a88','https://firebasestorage.googleapis.com/v0/b/golftok-29f49.appspot.com/o/video_thumbnail%2Fthumbnail9.JPG?alt=media&token=0441516d-27d4-4b4a-958c-2f1e25db9b9d')
insert into nasmo values(7,3,'https://firebasestorage.googleapis.com/v0/b/golftok-29f49.appspot.com/o/sample_video%2FtestVideo13.mp4?alt=media&token=cb2ec5f6-9119-4171-be01-fe5529b80a9c','https://firebasestorage.googleapis.com/v0/b/golftok-29f49.appspot.com/o/video_thumbnail%2Fthumbnail11.JPG?alt=media&token=9be497db-e2a0-42b1-aba0-24012e16ca52')
insert into nasmo values(8,2,'https://firebasestorage.googleapis.com/v0/b/golftok-29f49.appspot.com/o/sample_video%2FtestVideo16.mp4?alt=media&token=65d67d36-a452-43d1-9b45-5824b77645f8','https://firebasestorage.googleapis.com/v0/b/golftok-29f49.appspot.com/o/video_thumbnail%2Fthumbnail14.JPG?alt=media&token=db595da3-2ff2-4bef-9fa5-5ed5203b0a2e')
insert into nasmo values(9,2,'https://firebasestorage.googleapis.com/v0/b/golftok-29f49.appspot.com/o/sample_video%2FtestVideo17.mp4?alt=media&token=e365f36a-f05b-4f86-8bd9-c23039fc7797','https://firebasestorage.googleapis.com/v0/b/golftok-29f49.appspot.com/o/video_thumbnail%2Fthumbnail15.JPG?alt=media&token=cfed2105-0b76-425c-ab67-1874b7c3716f')
insert into nasmo values(10,3,'https://firebasestorage.googleapis.com/v0/b/golftok-29f49.appspot.com/o/sample_video%2FtestVideo20.mp4?alt=media&token=dc8dad6c-007b-461a-90eb-79a99dfb649e','https://firebasestorage.googleapis.com/v0/b/golftok-29f49.appspot.com/o/video_thumbnail%2Fthumbnail17.JPG?alt=media&token=40382f64-bb64-40b2-9fa7-b87e143b97e2')
insert into nasmo values(11,2,'https://firebasestorage.googleapis.com/v0/b/golftok-29f49.appspot.com/o/sample_video%2FtestVideo21.mp4?alt=media&token=a12a8a6a-723e-4c86-a9d3-af7bd322e4c8','https://firebasestorage.googleapis.com/v0/b/golftok-29f49.appspot.com/o/video_thumbnail%2Fthumbnail18.JPG?alt=media&token=80c7b2ac-71c7-4e57-85c0-2c48d33974c1')
insert into nasmo values(12,6,'https://firebasestorage.googleapis.com/v0/b/golftok-29f49.appspot.com/o/sample_video%2FtestVideo22.mp4?alt=media&token=339c41c4-d6bc-41cd-9c9e-76ed5262111c','https://firebasestorage.googleapis.com/v0/b/golftok-29f49.appspot.com/o/video_thumbnail%2Fthumbnail19.JPG?alt=media&token=1ff0da42-f875-43e0-acf7-c92062f713ec')
insert into nasmo values(13,3,'https://firebasestorage.googleapis.com/v0/b/golftok-29f49.appspot.com/o/sample_video%2FtestVideo23.mp4?alt=media&token=622670f6-ca84-403e-a39b-b9ce83956da8','https://firebasestorage.googleapis.com/v0/b/golftok-29f49.appspot.com/o/video_thumbnail%2Fthumbnail20.JPG?alt=media&token=5d58248f-9bc4-4557-b0ae-3e5db40ebb4e')
insert into nasmo values(14,8,'https://firebasestorage.googleapis.com/v0/b/golftok-29f49.appspot.com/o/sample_video%2FtestVideo24.mp4?alt=media&token=db2033e1-0e44-4926-8f9f-6a831f527359','https://firebasestorage.googleapis.com/v0/b/golftok-29f49.appspot.com/o/video_thumbnail%2Fthumbnail21.JPG?alt=media&token=5b399576-6150-4ffc-be44-d3f5a30700b7')
insert into nasmo values(15,3,'https://firebasestorage.googleapis.com/v0/b/golftok-29f49.appspot.com/o/sample_video%2FtestVideo25.mp4?alt=media&token=d52b9099-603c-4c3e-b6bc-854594d4994c','https://firebasestorage.googleapis.com/v0/b/golftok-29f49.appspot.com/o/video_thumbnail%2Fthumbnail22.JPG?alt=media&token=e6863d0a-a8de-43a1-a70d-58a4be6454ba')
insert into nasmo values(16,7,'https://firebasestorage.googleapis.com/v0/b/golftok-29f49.appspot.com/o/sample_video%2FtestVideo33.mp4?alt=media&token=9b37468f-17d9-4ba2-87fc-64b4c9d2ed67','https://firebasestorage.googleapis.com/v0/b/golftok-29f49.appspot.com/o/video_thumbnail%2Fthumbnail30.JPG?alt=media&token=bc159c2f-022d-4423-b907-a0a6c5f19d2f')
insert into nasmo values(17,17,'https://firebasestorage.googleapis.com/v0/b/golftok-29f49.appspot.com/o/sample_video%2FtestVideo34.mp4?alt=media&token=5d837b66-8148-4ae7-9ff8-94fb6064c6b4','https://firebasestorage.googleapis.com/v0/b/golftok-29f49.appspot.com/o/video_thumbnail%2Fthumbnail31.JPG?alt=media&token=7c6216a4-f499-43f3-a348-68b01dd83391')
insert into nasmo values(18,22,'https://firebasestorage.googleapis.com/v0/b/golftok-29f49.appspot.com/o/sample_video%2FtestVideo35.mp4?alt=media&token=9b6daa11-bfeb-4287-854c-67bea1d6ff69','https://firebasestorage.googleapis.com/v0/b/golftok-29f49.appspot.com/o/video_thumbnail%2Fthumbnail32.JPG?alt=media&token=251ea696-46e5-4abb-8c2a-ba26ebca5176')
insert into nasmo values(19,23,'https://firebasestorage.googleapis.com/v0/b/golftok-29f49.appspot.com/o/sample_video%2FtestVideo36.mp4?alt=media&token=43924a5f-a1a6-4907-8f41-cc7032cebfd4','https://firebasestorage.googleapis.com/v0/b/golftok-29f49.appspot.com/o/video_thumbnail%2Fthumbnail33.JPG?alt=media&token=6e4ec90d-9309-4f47-bd38-5140d21eb587')
insert into nasmo values(20,6,'https://firebasestorage.googleapis.com/v0/b/golftok-29f49.appspot.com/o/sample_video%2FtestVideo37.mp4?alt=media&token=54429bf8-e7ec-46d1-8b5e-9cf889c55d9e','https://firebasestorage.googleapis.com/v0/b/golftok-29f49.appspot.com/o/video_thumbnail%2Fthumbnail34.JPG?alt=media&token=87761d5d-d684-46bb-a2aa-64e5a6369875')


----comments data----
insert into comments values(1,1,4,'멋져요!!',DATEADD(dd,-4,getdate()),2,'1','0',0)
insert into comments values(2,1,1,'감사합니다ㅎㅎㅎ',DATEADD(dd,-4,getdate()),1,'1','1',1)
insert into comments values(9,3,11,'언제가신거에요ㅋㅋㅋㅋ',DATEADD(dd,-2,getdate()),0,'3','0',0)
insert into comments values(3,6,2,'나중에 저랑도 같이 쳐요ㅎㅎ',DATEADD(dd,-4,getdate()),1,'4','0',0)
insert into comments values(4,7,8,'실력이 더 느셨네요ㅋㅋㅋ',DATEADD(dd,-3,getdate()),4,'5','0',0)
insert into comments values(5,7,12,'완전 프로 같아요',DATEADD(dd,-3,getdate()),2,'7','0',0)
insert into comments values(6,7,5,'아직 부족합니다 ㅋㅋ',DATEADD(dd,-3,getdate()),1,'5','1',1)
insert into comments values(7,7,5,'감사합니다 나중에 같이 쳐요~~',DATEADD(dd,-3,getdate()),3,'7','1',1)
insert into comments values(8,7,12,'좋죠 언제 한 번 불러주세요ㅎㅎㅎ',DATEADD(dd,-2,getdate()),3,'7','2',1)
insert into comments values(11,7,5,'네ㅎㅎ',DATEADD(dd,-2,getdate()),3,'7','3',1)
insert into comments values(10,8,1,'스윙이 시원하네요',DATEADD(dd,-2,getdate()),3,'10','0',0)
insert into comments values(12,8,8,'감사합니다ㅋㅋㅋ기분이 좋네요',DATEADD(dd,-2,getdate()),2,'10','1',1)
insert into comments values(13,10,4,'언제인가요ㅋㅋㅋ',DATEADD(dd,-1,getdate()),0,'13','0',0)
insert into comments values(14,10,5,'스윙 시원하네~~',DATEADD(dd,-1,getdate()),2,'14','1',0)
insert into comments values(15,10,13,'완전 프로같은데요??',DATEADD(dd,-1,getdate()),4,'15','2',0)
insert into comments values(16,12,7,'나중에 같이 가요!!',DATEADD(dd,-1,getdate()),3,'16','0',0)
insert into comments values(17,13,10,'멋져ㅎㅎㅎ',DATEADD(dd,-1,getdate()),3,'17','0',0)
insert into comments values(18,13,9,'오옝ㅎㅎ땡큐',DATEADD(dd,-1,getdate()),0,'17','1',1)
insert into comments values(19,13,10,'우리 언제봐??',DATEADD(dd,-1,getdate()),1,'19','0',0)
insert into comments values(20,15,9,'골프 친구해요ㅎㅎㅎ',DATEADD(dd,-1,getdate()),2,'20','0',0)
insert into comments values(21,15,2,'좋아요 신청했어요~',GETDATE(),5,'20','1',1)
insert into comments values(22,15,15,'저두 해도 되나용ㅋㅋㅎㅎ',GETDATE(),3,'20','2',1)
insert into comments values(23,18,3,'우리 언제 같이 쳐?','2021-07-21 22:10:22.280',7,'23','0',0)
insert into comments values(24,18,2,'주말 ㄱㄱ',GETDATE(),3,'23','1',1)
insert into comments values(25,18,3,'일요일에 갈래?',GETDATE(),0,'23','2',1)
insert into comments values(26,18,2,'ㅇㅋㅇㅋ일욜 고',GETDATE(),0,'23','3',1)
insert into comments values(27,18,3,'2시?',GETDATE(),4,'23','4',1)
insert into comments values(30,18,6,'ㅋㅋㅋㅋㅋ',GETDATE(),6,'30','0',0)
insert into comments values(31,18,6,'재밌어 보인다ㅋㅋㅋ',GETDATE(),6,'31','0',0)
insert into comments values(28,19,12,'초보의 실력이 아닌데???ㅋㅋ',GETDATE(),2,'28','0',0)
insert into comments values(29,19,6,'시작한지 3개월밖에 안됐어ㅋㅋ',GETDATE(),6,'28','1',1)
insert into comments values(32,21,3,'맞팔해요~',GETDATE(),3,'32','0',0)
insert into comments values(33,22,15,'스윙 멋져요~~',GETDATE(),8,'33','0',0)
insert into comments values(34,22,22,'이거 보니까 저도 치고 싶네요ㅋㅋㅋㅋ',GETDATE(),9,'34','0',0)
insert into comments values(35,23,22,'아 넘 귀여워요 ㅠㅠㅠㅜ',GETDATE(),12,'35','0',0)
insert into comments values(36,23,27,'댕댕이 졸귀',GETDATE(),6,'36','0',0)
insert into comments values(37,23,5,'안 추워하나요??ㅋㅋㅋ신기하네',GETDATE(),9,'37','0',0)
insert into comments values(38,23,4,'그쵸ㅜㅜㅠ',GETDATE(),0,'35','1',1)
insert into comments values(39,23,4,'감사합니다ㅎㅎㅎ',GETDATE(),1,'36','1',1)
insert into comments values(40,25,16,'ㅜㅜㅜㅜ',GETDATE(),2,'40','0',0)
insert into comments values(41,28,8,'우왕ㅋㅋㅋ',GETDATE(),11,'41','0',0)
insert into comments values(42,29,19,'맞팔해요~~',GETDATE(),8,'42','0',0)
insert into comments values(43,29,25,'여기 어디인가요??',GETDATE(),4,'43','0',0)
insert into comments values(44,33,2,'오 ㅋㅋ자세 좀 나오는데?',GETDATE(),14,'44','0',0)
insert into comments values(45,33,23,'ㅋㅋㅋㅋㅋㅋㅋㅋ아직 초보야',GETDATE(),5,'44','1',1)
insert into comments values(46,34,26,'점점 더 실력 느시는 것 같아요~~ 나중에 같이 쳐요',GETDATE(),19,'46','0',0)
insert into comments values(47,37,2,'잘 치시네요! 스윙이 시원합니다~',GETDATE(),2,'47','0',0)
insert into comments values(48,40,6,'실력이 더 늘었네ㅋㅋㅋㅋㅋ',GETDATE(),30,'48','0',0)
insert into comments values(49,40,29,'오랜만에 친거야 ㅋㅋ',GETDATE(),5,'48','1',1)
insert into comments values(50,40,12,'멋있어요~~',GETDATE(),12,'50','0',0)
insert into comments values(51,40,7,'노래 제목이 뭐죠??',GETDATE(),1,'51','0',0)
insert into comments values(52,42,6,'맞팔해요~',GETDATE(),0,'52','0',0)
insert into comments values(53,42,9,'골프 클럽 좋아보이네요',GETDATE(),1,'53','0',0)
insert into comments values(54,43,11,'요즘 날씨 너무 더워 진짜 장난아님 ㅡㅡ',GETDATE(),16,'54','0',0)
insert into comments values(55,43,4,'아 그니까ㅋㅋㅋ스크린 골프장으로 피신해야 함',GETDATE(),7,'54','1',1)
insert into comments values(56,44,6,'항상 멋찜!!',GETDATE(),34,'56','0',0)
insert into comments values(57,44,25,'언제나 굿샷이네요~~~',GETDATE(),10,'57','0',0)
insert into comments values(58,44,29,'스윙이 시원~!!',GETDATE(),7,'58','0',0)
insert into comments values(59,44,32,'믓쪄멋져!!!',GETDATE(),27,'59','0',0)
insert into comments values(60,45,29,'어디서 사셨나요? 정보좀 주세요',GETDATE(),10,'60','0',0)
insert into comments values(61,45,34,'얼마에 사셨어요?',GETDATE(),9,'61','0',0)
insert into comments values(62,45,33,'오 골프채 멋져요ㅋㅋ',GETDATE(),3,'62','0',0)
insert into comments values(63,45,9,'전 그냥 인터넷 주문 시켰습니다ㅋ',GETDATE(),0,'60','1',1)
insert into comments values(64,47,7,'하시다보면 자연스럽게 스윙 되실 겁니다!! 홧팅',GETDATE(),30,'64','0',0)
insert into comments values(65,47,15,'감사해요~~ 더 열심히 해야겠어요~',GETDATE(),11,'64','1',1)
insert into comments values(66,47,1,'와 여기 시설 괜찮네요ㅋㅋㅋ',GETDATE(),14,'66','0',0)
insert into comments values(67,47,19,'카메라맨 대동하셨나봐요ㅋㅋ',GETDATE(),7,'67','0',0)
insert into comments values(68,47,15,'카메라걸이었어요ㅋㅎ',GETDATE(),0,'67','1',1)
insert into comments values(69,49,18,'스윙은 부드럽게~ 공은 힘있게 나가십니다',GETDATE(),8,'69','0',0)
insert into comments values(70,49,25,'이렇게 잘치시는데 레슨을 받으신다구요??',GETDATE(),3,'70','0',0)
insert into comments values(71,49,21,'하하하 감사합니다 부끄럽네요ㅎㅎ',GETDATE(),2,'69','1',1)
insert into comments values(72,50,3,'와 실력 많이 늘었는데?ㅋㅋㅋ',GETDATE(),8,'72','0',0)
insert into comments values(73,50,11,'오!!! 역시 노력은 배신안함!!',GETDATE(),11,'73','0',0)
insert into comments values(74,50,30,'ㅎㅎㅎ고마웡',GETDATE(),2,'72','1',1)
insert into comments values(75,50,30,'더 연습해야돼ㅜㅜㅜㅠ',GETDATE(),0,'73','1',1)
insert into comments values(76,50,3,'나중에 같이 치자ㅋㅋㅋ 나도 요새 레슨 받는중',GETDATE(),0,'72','2',1)
insert into comments values(77,50,34,'멋져요~~',GETDATE(),3,'77','0',0)


----hashtag data----
insert into hashtag values(1,5,'시원한한방')
insert into hashtag values(2,5,'골프')
insert into hashtag values(3,5,'나이스샷')
insert into hashtag values(4,6,'오늘날씨왜이래')
insert into hashtag values(5,9,'스크린골프장')
insert into hashtag values(6,9,'자세불안정')
insert into hashtag values(7,9,'아직초보')
insert into hashtag values(8,11,'선팔')
insert into hashtag values(9,11,'맞팔')
insert into hashtag values(10,11,'좋아요')
insert into hashtag values(11,11,'골프장')
insert into hashtag values(12,17,'골린이')
insert into hashtag values(13,17,'골프')
insert into hashtag values(14,20,'실력')
insert into hashtag values(15,23,'댕댕이')
insert into hashtag values(16,24,'멍스타그램')
insert into hashtag values(17,24,'강아지')
insert into hashtag values(18,24,'댕댕이')
insert into hashtag values(19,24,'졸귀')
insert into hashtag values(20,25,'멍스타그램')
insert into hashtag values(21,29,'선팔')
insert into hashtag values(22,29,'맞팔')
insert into hashtag values(23,31,'나이스샷')
insert into hashtag values(24,31,'좋아요')
insert into hashtag values(25,33,'골린이탈출')
insert into hashtag values(26,33,'골어른')
insert into hashtag values(27,35,'골프채')
insert into hashtag values(28,35,'추천')
insert into hashtag values(29,35,'필수템')
insert into hashtag values(30,38,'길거리버스킹')
insert into hashtag values(31,38,'버스킹')
insert into hashtag values(32,40,'드럼')
insert into hashtag values(33,7,'미즈노')
insert into hashtag values(34,7,'GX-F')
insert into hashtag values(35,7,'여성용')
insert into hashtag values(36,7,'오른손용')
insert into hashtag values(37,8,'미즈노')
insert into hashtag values(38,8,'JPX_S10')
insert into hashtag values(39,8,'여성용')
insert into hashtag values(40,9,'GX-F')
insert into hashtag values(41,14,'핑')
insert into hashtag values(42,14,'G_LE2')
insert into hashtag values(43,14,'오른손용')
insert into hashtag values(44,15,'핑')
insert into hashtag values(45,15,'G425')
insert into hashtag values(46,15,'10.5도')
insert into hashtag values(47,15,'경량스틸')
insert into hashtag values(48,15,'8아이언')
insert into hashtag values(49,16,'핑')
insert into hashtag values(50,16,'여성용')
insert into hashtag values(51,16,'12도')
insert into hashtag values(52,17,'테일러메이드')
insert into hashtag values(53,17,'왼손용')
insert into hashtag values(54,17,'10.5도')
insert into hashtag values(55,18,'테일러메이드')
insert into hashtag values(56,18,'경량스틸')
insert into hashtag values(57,18,'M2_HL')
insert into hashtag values(58,19,'젝시오11')
insert into hashtag values(59,19,'남성용')
insert into hashtag values(60,19,'오른손용')
insert into hashtag values(61,20,'핑')
insert into hashtag values(62,20,'G425 ')
insert into hashtag values(63,20,'10.5도')
insert into hashtag values(64,20,'경량스틸')
insert into hashtag values(65,20,'8아이언')
insert into hashtag values(66,21,'미즈노')
insert into hashtag values(67,21,'GX-F')
insert into hashtag values(68,21,'여성용')
insert into hashtag values(69,21,'오른손용')
insert into hashtag values(70,22,'젝시오')
insert into hashtag values(71,22,'프라임')
insert into hashtag values(72,22,'로얄에디션')
insert into hashtag values(73,22,'10.5도')
insert into hashtag values(74,29,'캘러웨이')
insert into hashtag values(75,29,'여성용')
insert into hashtag values(76,29,'매버릭맥스라이트')
insert into hashtag values(77,30,'캘러웨이')
insert into hashtag values(78,30,'캘러웨이')
insert into hashtag values(79,30,'에픽맥스')
insert into hashtag values(80,31,'브리지스톤')
insert into hashtag values(81,31,'V300')
insert into hashtag values(82,31,'경량스틸')
insert into hashtag values(83,31,'9아이언')
insert into hashtag values(84,32,'V300')
insert into hashtag values(85,32,'7아이언')
insert into hashtag values(86,32,'남성용')
insert into hashtag values(87,32,'브리지스톤')
insert into hashtag values(88,34,'브리지스톤')
insert into hashtag values(89,34,'TOUR_B')
insert into hashtag values(90,34,'7아이언')
insert into hashtag values(91,35,'혼마')
insert into hashtag values(92,35,'3스타뉴베레스')
insert into hashtag values(93,41,'스크린골프장')
insert into hashtag values(94,41,'골프연습')
insert into hashtag values(95,41,'골스타그램')
insert into hashtag values(96,41,'핑')
insert into hashtag values(97,41,'드라이버')
insert into hashtag values(98,41,'G425')
insert into hashtag values(99,42,'골스타그램')
insert into hashtag values(100,42,'오늘도연습')
insert into hashtag values(101,42,'골린이')
insert into hashtag values(102,42,'브리지스톤')
insert into hashtag values(103,42,'남성용')
insert into hashtag values(104,44,'캘러웨이')
insert into hashtag values(105,44,'매버릭')
insert into hashtag values(106,44,'커스텀_드라이버')
insert into hashtag values(107,45,'골프클럽')
insert into hashtag values(108,45,'타이틀리스트')
insert into hashtag values(109,45,'TSi1')
insert into hashtag values(110,45,'여성용')
insert into hashtag values(111,46,'신상')
insert into hashtag values(112,46,'골프클럽')
insert into hashtag values(113,46,'골스타그램')
insert into hashtag values(114,46,'혼마')
insert into hashtag values(115,46,'베레스')
insert into hashtag values(116,46,'키와미4')
insert into hashtag values(117,46,'2스타')
insert into hashtag values(118,46,'7아이언')
insert into hashtag values(119,49,'스윙교정')
insert into hashtag values(120,49,'미즈노')
insert into hashtag values(121,49,'경량스틸')
insert into hashtag values(122,49,'8아이언')
insert into hashtag values(123,50,'스크린골프장')
insert into hashtag values(124,50,'스윙교정')
insert into hashtag values(125,50,'야마하')
insert into hashtag values(126,50,'8아이언')

----post_like data----
insert into post_like values(1,12,14)
insert into post_like values(2,12,10)
insert into post_like values(3,12,7)
insert into post_like values(4,2,6)
insert into post_like values(5,2,6)
insert into post_like values(6,3,1)
insert into post_like values(7,5,15)
insert into post_like values(8,5,12)
insert into post_like values(9,5,13)
insert into post_like values(10,6,1)
insert into post_like values(11,6,2)
insert into post_like values(12,6,3)
insert into post_like values(13,6,7)
insert into post_like values(14,7,18)
insert into post_like values(15,7,14)
insert into post_like values(16,8,10)
insert into post_like values(17,8,1)
insert into post_like values(18,8,5)
insert into post_like values(19,8,6)
insert into post_like values(20,8,9)
insert into post_like values(21,9,10)
insert into post_like values(22,9,15)
insert into post_like values(23,9,11)
insert into post_like values(24,11,7)
insert into post_like values(25,11,8)
insert into post_like values(26,11,17)
insert into post_like values(27,12,22)
insert into post_like values(28,13,23)
insert into post_like values(29,13,28)
insert into post_like values(30,13,4)
insert into post_like values(31,13,7)
insert into post_like values(32,14,16)
insert into post_like values(33,14,29)
insert into post_like values(34,14,22)
insert into post_like values(35,14,21)
insert into post_like values(36,14,6)
insert into post_like values(37,16,4)
insert into post_like values(38,16,3)
insert into post_like values(39,18,1)
insert into post_like values(40,18,11)
insert into post_like values(41,18,19)
insert into post_like values(42,19,27)
insert into post_like values(43,20,25)

----comment_like----
insert into comment_like values(1,1,11)
insert into comment_like values(2,2,10)
insert into comment_like values(3,2,5)
insert into comment_like values(4,4,6)
insert into comment_like values(5,4,2)
insert into comment_like values(6,4,1)
insert into comment_like values(7,4,15)
insert into comment_like values(8,5,12)
insert into comment_like values(9,5,13)
insert into comment_like values(10,6,1)
insert into comment_like values(11,6,12)
insert into comment_like values(12,6,3)
insert into comment_like values(13,6,10)
insert into comment_like values(14,9,18)
insert into comment_like values(15,9,11)
insert into comment_like values(16,9,4)
insert into comment_like values(17,9,1)
insert into comment_like values(18,11,5)
insert into comment_like values(19,11,13)
insert into comment_like values(20,13,5)
insert into comment_like values(21,13,14)
insert into comment_like values(22,13,5)
insert into comment_like values(23,14,3)
insert into comment_like values(24,15,18)
insert into comment_like values(25,15,17)
insert into comment_like values(26,16,13)
insert into comment_like values(27,18,12)
insert into comment_like values(28,18,24)
insert into comment_like values(29,18,28)
insert into comment_like values(30,19,29)
insert into comment_like values(31,20,30)
insert into comment_like values(32,20,21)
insert into comment_like values(33,20,23)
insert into comment_like values(34,20,24)
insert into comment_like values(35,21,8)
insert into comment_like values(36,22,9)
insert into comment_like values(37,23,10)
insert into comment_like values(38,26,14)
insert into comment_like values(39,26,23)
insert into comment_like values(40,27,24)
